UserId,Name,Surname,Email,Password,LateReturnStatus
1,admin,admin,admin@sistemanalizi.com,15e2b0d3c33891ebb0f1ef609ec419420c20e320ce94c65fbc8c3312448eb225,0
2,Chanice,Wooten,Chanice_Wooten@hotmail.com,2ae4ae5509b359e35cf9329a52de7dc48b25e119ad9666e43982729178cf18b0,0
3,Lea,Irvine,Lea_Irvine@yahoo.com,2ae4ae5509b359e35cf9329a52de7dc48b25e119ad9666e43982729178cf18b0,0
4,Aiza,Potter,Aiza_Potter@aol.com,2ae4ae5509b359e35cf9329a52de7dc48b25e119ad9666e43982729178cf18b0,0
5,Menaal,Murillo,Menaal_Murillo@gmail.com,2ae4ae5509b359e35cf9329a52de7dc48b25e119ad9666e43982729178cf18b0,0
6,Lorena,Delarosa,Lorena_Delarosa@outlook.com,2ae4ae5509b359e35cf9329a52de7dc48b25e119ad9666e43982729178cf18b0,0
7,Sumaiyah,Benson,Sumaiyah_Benson@hotmail.com,2ae4ae5509b359e35cf9329a52de7dc48b25e119ad9666e43982729178cf18b0,0
8,Isra,Jennings,Isra_Jennings@yahoo.com,2ae4ae5509b359e35cf9329a52de7dc48b25e119ad9666e43982729178cf18b0,0
9,Raees,Shaffer,Raees_Shaffer@aol.com,2ae4ae5509b359e35cf9329a52de7dc48b25e119ad9666e43982729178cf18b0,0
10,Lylah,Hewitt,Lylah_Hewitt@gmail.com,2ae4ae5509b359e35cf9329a52de7dc48b25e119ad9666e43982729178cf18b0,0
11,Wendy,Parsons,Wendy_Parsons@outlook.com,2ae4ae5509b359e35cf9329a52de7dc48b25e119ad9666e43982729178cf18b0,0
12,Yousaf,Mair,Yousaf_Mair@hotmail.com,2ae4ae5509b359e35cf9329a52de7dc48b25e119ad9666e43982729178cf18b0,0
13,Everett,Hassan,Everett_Hassan@yahoo.com,2ae4ae5509b359e35cf9329a52de7dc48b25e119ad9666e43982729178cf18b0,0
14,Barry,Hough,Barry_Hough@aol.com,2ae4ae5509b359e35cf9329a52de7dc48b25e119ad9666e43982729178cf18b0,0
15,Nabila,Edge,Nabila_Edge@gmail.com,2ae4ae5509b359e35cf9329a52de7dc48b25e119ad9666e43982729178cf18b0,0
16,Hammad,Heath,Hammad_Heath@outlook.com,2ae4ae5509b359e35cf9329a52de7dc48b25e119ad9666e43982729178cf18b0,0
17,Momina,Fitzgerald,Momina_Fitzgerald@hotmail.com,2ae4ae5509b359e35cf9329a52de7dc48b25e119ad9666e43982729178cf18b0,0
18,Ailish,Gardner,Ailish_Gardner@yahoo.com,2ae4ae5509b359e35cf9329a52de7dc48b25e119ad9666e43982729178cf18b0,0
19,Sana,Ratcliffe,Sana_Ratcliffe@aol.com,2ae4ae5509b359e35cf9329a52de7dc48b25e119ad9666e43982729178cf18b0,0
20,Fenton,Mason,Fenton_Mason@gmail.com,2ae4ae5509b359e35cf9329a52de7dc48b25e119ad9666e43982729178cf18b0,0
21,Rishi,Pollard,Rishi_Pollard@outlook.com,2ae4ae5509b359e35cf9329a52de7dc48b25e119ad9666e43982729178cf18b0,0
22,Miya,Diaz,Miya_Diaz@hotmail.com,2ae4ae5509b359e35cf9329a52de7dc48b25e119ad9666e43982729178cf18b0,0
23,Micah,Terrell,Micah_Terrell@yahoo.com,2ae4ae5509b359e35cf9329a52de7dc48b25e119ad9666e43982729178cf18b0,0
24,Killian,Finnegan,Killian_Finnegan@aol.com,2ae4ae5509b359e35cf9329a52de7dc48b25e119ad9666e43982729178cf18b0,0
25,Ashlea,Lewis,Ashlea_Lewis@gmail.com,2ae4ae5509b359e35cf9329a52de7dc48b25e119ad9666e43982729178cf18b0,0
26,Everly,Crawford,Everly_Crawford@outlook.com,2ae4ae5509b359e35cf9329a52de7dc48b25e119ad9666e43982729178cf18b0,0
27,Siena,Rayner,Siena_Rayner@hotmail.com,2ae4ae5509b359e35cf9329a52de7dc48b25e119ad9666e43982729178cf18b0,0
28,Aahil,Hackett,Aahil_Hackett@yahoo.com,2ae4ae5509b359e35cf9329a52de7dc48b25e119ad9666e43982729178cf18b0,0
29,Kieren,Parker,Kieren_Parker@aol.com,2ae4ae5509b359e35cf9329a52de7dc48b25e119ad9666e43982729178cf18b0,0
30,Ami,Cabrera,Ami_Cabrera@gmail.com,2ae4ae5509b359e35cf9329a52de7dc48b25e119ad9666e43982729178cf18b0,0
31,Marius,Porter,Marius_Porter@outlook.com,2ae4ae5509b359e35cf9329a52de7dc48b25e119ad9666e43982729178cf18b0,0
32,Katya,Cohen,Katya_Cohen@hotmail.com,2ae4ae5509b359e35cf9329a52de7dc48b25e119ad9666e43982729178cf18b0,0
33,Orlando,Schwartz,Orlando_Schwartz@yahoo.com,2ae4ae5509b359e35cf9329a52de7dc48b25e119ad9666e43982729178cf18b0,0
34,Reuben,Whitfield,Reuben_Whitfield@aol.com,2ae4ae5509b359e35cf9329a52de7dc48b25e119ad9666e43982729178cf18b0,0
35,Mikey,Dunlop,Mikey_Dunlop@gmail.com,2ae4ae5509b359e35cf9329a52de7dc48b25e119ad9666e43982729178cf18b0,0
36,Tamara,Trujillo,Tamara_Trujillo@outlook.com,2ae4ae5509b359e35cf9329a52de7dc48b25e119ad9666e43982729178cf18b0,0
37,Zidane,Cairns,Zidane_Cairns@hotmail.com,2ae4ae5509b359e35cf9329a52de7dc48b25e119ad9666e43982729178cf18b0,0
38,Carlo,Barrow,Carlo_Barrow@yahoo.com,2ae4ae5509b359e35cf9329a52de7dc48b25e119ad9666e43982729178cf18b0,0
39,Freddy,Amin,Freddy_Amin@aol.com,2ae4ae5509b359e35cf9329a52de7dc48b25e119ad9666e43982729178cf18b0,0
40,Trevor,Nicholls,Trevor_Nicholls@gmail.com,2ae4ae5509b359e35cf9329a52de7dc48b25e119ad9666e43982729178cf18b0,0
41,Farhana,Greig,Farhana_Greig@outlook.com,2ae4ae5509b359e35cf9329a52de7dc48b25e119ad9666e43982729178cf18b0,0
42,Said,Coffey,Said_Coffey@hotmail.com,2ae4ae5509b359e35cf9329a52de7dc48b25e119ad9666e43982729178cf18b0,0
43,Mikail,Farrow,Mikail_Farrow@yahoo.com,2ae4ae5509b359e35cf9329a52de7dc48b25e119ad9666e43982729178cf18b0,0
44,Ruben,Townsend,Ruben_Townsend@aol.com,2ae4ae5509b359e35cf9329a52de7dc48b25e119ad9666e43982729178cf18b0,0
45,Amman,Lee,Amman_Lee@gmail.com,2ae4ae5509b359e35cf9329a52de7dc48b25e119ad9666e43982729178cf18b0,0
46,Reiss,Ridley,Reiss_Ridley@outlook.com,2ae4ae5509b359e35cf9329a52de7dc48b25e119ad9666e43982729178cf18b0,0
47,Sanjeev,Hagan,Sanjeev_Hagan@hotmail.com,2ae4ae5509b359e35cf9329a52de7dc48b25e119ad9666e43982729178cf18b0,0
48,Krishan,Nava,Krishan_Nava@yahoo.com,2ae4ae5509b359e35cf9329a52de7dc48b25e119ad9666e43982729178cf18b0,0
49,Kallum,Herring,Kallum_Herring@aol.com,2ae4ae5509b359e35cf9329a52de7dc48b25e119ad9666e43982729178cf18b0,0
50,Braydon,Ortiz,Braydon_Ortiz@gmail.com,2ae4ae5509b359e35cf9329a52de7dc48b25e119ad9666e43982729178cf18b0,0
51,Sinead,Miller,Sinead_Miller@outlook.com,2ae4ae5509b359e35cf9329a52de7dc48b25e119ad9666e43982729178cf18b0,0
52,Lucca,Almond,Lucca_Almond@hotmail.com,2ae4ae5509b359e35cf9329a52de7dc48b25e119ad9666e43982729178cf18b0,0
53,Saoirse,Reeve,Saoirse_Reeve@yahoo.com,2ae4ae5509b359e35cf9329a52de7dc48b25e119ad9666e43982729178cf18b0,0
54,Lainey,Cope,Lainey_Cope@aol.com,2ae4ae5509b359e35cf9329a52de7dc48b25e119ad9666e43982729178cf18b0,0
55,Caelan,Nixon,Caelan_Nixon@gmail.com,2ae4ae5509b359e35cf9329a52de7dc48b25e119ad9666e43982729178cf18b0,0
56,Bryce,Roth,Bryce_Roth@outlook.com,2ae4ae5509b359e35cf9329a52de7dc48b25e119ad9666e43982729178cf18b0,0
57,Dolcie,Holcomb,Dolcie_Holcomb@hotmail.com,2ae4ae5509b359e35cf9329a52de7dc48b25e119ad9666e43982729178cf18b0,0
58,Rami,Nicholson,Rami_Nicholson@yahoo.com,2ae4ae5509b359e35cf9329a52de7dc48b25e119ad9666e43982729178cf18b0,0
59,Joni,Crossley,Joni_Crossley@aol.com,2ae4ae5509b359e35cf9329a52de7dc48b25e119ad9666e43982729178cf18b0,0
60,Eric,Watts,Eric_Watts@gmail.com,2ae4ae5509b359e35cf9329a52de7dc48b25e119ad9666e43982729178cf18b0,0
61,Abdul,Cuevas,Abdul_Cuevas@outlook.com,2ae4ae5509b359e35cf9329a52de7dc48b25e119ad9666e43982729178cf18b0,0
62,Nettie,O'Sullivan,Nettie_O'Sullivan@hotmail.com,2ae4ae5509b359e35cf9329a52de7dc48b25e119ad9666e43982729178cf18b0,0
63,Callen,Obrien,Callen_Obrien@yahoo.com,2ae4ae5509b359e35cf9329a52de7dc48b25e119ad9666e43982729178cf18b0,0
64,Jimmy,Gonzalez,Jimmy_Gonzalez@aol.com,2ae4ae5509b359e35cf9329a52de7dc48b25e119ad9666e43982729178cf18b0,0
65,Manpreet,Johnston,Manpreet_Johnston@gmail.com,2ae4ae5509b359e35cf9329a52de7dc48b25e119ad9666e43982729178cf18b0,0
66,Nuala,Rosario,Nuala_Rosario@outlook.com,2ae4ae5509b359e35cf9329a52de7dc48b25e119ad9666e43982729178cf18b0,0
67,Mack,Costa,Mack_Costa@hotmail.com,2ae4ae5509b359e35cf9329a52de7dc48b25e119ad9666e43982729178cf18b0,0
68,Aleksandra,Travers,Aleksandra_Travers@yahoo.com,2ae4ae5509b359e35cf9329a52de7dc48b25e119ad9666e43982729178cf18b0,0
69,Hilda,Merritt,Hilda_Merritt@aol.com,2ae4ae5509b359e35cf9329a52de7dc48b25e119ad9666e43982729178cf18b0,0
70,Amelia-Mae,Burris,Amelia-Mae_Burris@gmail.com,2ae4ae5509b359e35cf9329a52de7dc48b25e119ad9666e43982729178cf18b0,0
71,Katelin,Carney,Katelin_Carney@outlook.com,2ae4ae5509b359e35cf9329a52de7dc48b25e119ad9666e43982729178cf18b0,0
72,Sylvia,Weston,Sylvia_Weston@hotmail.com,2ae4ae5509b359e35cf9329a52de7dc48b25e119ad9666e43982729178cf18b0,0
73,Reid,Field,Reid_Field@yahoo.com,2ae4ae5509b359e35cf9329a52de7dc48b25e119ad9666e43982729178cf18b0,0
74,Colton,Busby,Colton_Busby@aol.com,2ae4ae5509b359e35cf9329a52de7dc48b25e119ad9666e43982729178cf18b0,0
75,Aayat,Wilkins,Aayat_Wilkins@gmail.com,2ae4ae5509b359e35cf9329a52de7dc48b25e119ad9666e43982729178cf18b0,0
76,Kameron,Whittington,Kameron_Whittington@outlook.com,2ae4ae5509b359e35cf9329a52de7dc48b25e119ad9666e43982729178cf18b0,0
77,Jacque,Gilbert,Jacque_Gilbert@hotmail.com,2ae4ae5509b359e35cf9329a52de7dc48b25e119ad9666e43982729178cf18b0,0
78,Marley,Slater,Marley_Slater@yahoo.com,2ae4ae5509b359e35cf9329a52de7dc48b25e119ad9666e43982729178cf18b0,0
79,Theodor,Powell,Theodor_Powell@aol.com,2ae4ae5509b359e35cf9329a52de7dc48b25e119ad9666e43982729178cf18b0,0
80,Omer,Carrillo,Omer_Carrillo@gmail.com,2ae4ae5509b359e35cf9329a52de7dc48b25e119ad9666e43982729178cf18b0,0
81,Rares,Humphreys,Rares_Humphreys@outlook.com,2ae4ae5509b359e35cf9329a52de7dc48b25e119ad9666e43982729178cf18b0,0
82,Rachael,Crouch,Rachael_Crouch@hotmail.com,2ae4ae5509b359e35cf9329a52de7dc48b25e119ad9666e43982729178cf18b0,0
83,Amelia,Berry,Amelia_Berry@yahoo.com,2ae4ae5509b359e35cf9329a52de7dc48b25e119ad9666e43982729178cf18b0,0
84,Humphrey,Vincent,Humphrey_Vincent@aol.com,2ae4ae5509b359e35cf9329a52de7dc48b25e119ad9666e43982729178cf18b0,0
85,Laila,Lambert,Laila_Lambert@gmail.com,2ae4ae5509b359e35cf9329a52de7dc48b25e119ad9666e43982729178cf18b0,0
86,Michaela,O'Moore,Michaela_O'Moore@outlook.com,2ae4ae5509b359e35cf9329a52de7dc48b25e119ad9666e43982729178cf18b0,0
87,Isobel,Mackie,Isobel_Mackie@hotmail.com,2ae4ae5509b359e35cf9329a52de7dc48b25e119ad9666e43982729178cf18b0,0
88,Lily-Rose,Ramos,Lily-Rose_Ramos@yahoo.com,2ae4ae5509b359e35cf9329a52de7dc48b25e119ad9666e43982729178cf18b0,0
89,Fraser,Chadwick,Fraser_Chadwick@aol.com,2ae4ae5509b359e35cf9329a52de7dc48b25e119ad9666e43982729178cf18b0,0
90,Eman,Waters,Eman_Waters@gmail.com,2ae4ae5509b359e35cf9329a52de7dc48b25e119ad9666e43982729178cf18b0,0
91,Abdirahman,Chamberlain,Abdirahman_Chamberlain@outlook.com,2ae4ae5509b359e35cf9329a52de7dc48b25e119ad9666e43982729178cf18b0,0
92,Bertie,Kirk,Bertie_Kirk@hotmail.com,2ae4ae5509b359e35cf9329a52de7dc48b25e119ad9666e43982729178cf18b0,0
93,Fynley,Grimes,Fynley_Grimes@yahoo.com,2ae4ae5509b359e35cf9329a52de7dc48b25e119ad9666e43982729178cf18b0,0
94,Lizzie,Simpson,Lizzie_Simpson@aol.com,2ae4ae5509b359e35cf9329a52de7dc48b25e119ad9666e43982729178cf18b0,0
95,Barbara,Mccabe,Barbara_Mccabe@gmail.com,2ae4ae5509b359e35cf9329a52de7dc48b25e119ad9666e43982729178cf18b0,0
96,Che,Munoz,Che_Munoz@outlook.com,2ae4ae5509b359e35cf9329a52de7dc48b25e119ad9666e43982729178cf18b0,0
97,Crystal,Valentine,Crystal_Valentine@hotmail.com,2ae4ae5509b359e35cf9329a52de7dc48b25e119ad9666e43982729178cf18b0,0
98,Lori,Wall,Lori_Wall@yahoo.com,2ae4ae5509b359e35cf9329a52de7dc48b25e119ad9666e43982729178cf18b0,0
99,Mac,Conroy,Mac_Conroy@aol.com,2ae4ae5509b359e35cf9329a52de7dc48b25e119ad9666e43982729178cf18b0,0
